id,title,headline,description,keywords,domain_suggestion
1,High-Performance REST API Development,Build Lightning-Fast REST APIs with Rust,"Need a REST API that handles millions of requests per second? Our Rust experts deliver high-performance, memory-safe APIs that outperform Node.js and Python by 10x. Get a free consultation today.","rust api development, high performance rest api, fast backend, rust web services",fast-rust-api.com
2,Web Scraping & Data Extraction,Professional Web Scraping Services in Rust,"Extract data from any website at scale. Our Rust-based scrapers are 10x faster than Python, handle anti-bot protection, and run 24/7 reliably. Perfect for price monitoring, lead generation, and market research.","web scraping rust, data extraction service, automated scraping, price monitoring",rust-scraper.pro
3,Telegram Bot Development,Custom Telegram Bots Built with Rust,"Automate your Telegram workflows with high-performance bots. From customer support to trading signals, we build reliable bots that handle thousands of users simultaneously.","telegram bot development, rust telegram bot, automated messaging, chatbot service",telegram-bot-dev.com
4,Discord Bot Development,Professional Discord Bots in Rust,"Create powerful Discord bots for your community. Moderation, music, games, analytics - we build custom solutions that scale to millions of users without lag.","discord bot rust, custom discord bot, server automation, community management",discord-bot-pro.com
5,Cryptocurrency Trading Bot,Automated Crypto Trading Bots,"Build profitable trading bots for Binance, Coinbase, and other exchanges. Backtesting, risk management, and 24/7 execution. Rust ensures zero-downtime performance.","crypto trading bot, automated trading, algorithmic trading, binance bot",crypto-bot-builder.com
6,API Integration Service,Connect Any API with Rust,"Integrate third-party APIs into your application. Payment gateways, CRMs, social media - we handle authentication, rate limiting, and error recovery automatically.","api integration, rest api client, webhook integration, api connector",api-integration.dev
7,Data Processing Pipeline,ETL & Data Pipeline Development,"Process millions of records per hour. Our Rust pipelines transform, validate, and load data from any source to any destination with guaranteed reliability.","etl pipeline, data processing, batch processing, data transformation",data-pipeline-rust.com
8,CLI Tool Development,Custom Command-Line Tools in Rust,"Build professional CLI tools for your team. Fast, cross-platform, and easy to distribute. Perfect for DevOps automation and internal tooling.","cli tool development, command line tool, devops automation, rust cli",cli-tools-rust.dev
9,Static Site Generator,Custom Static Site Generators,"Generate thousands of SEO-optimized pages in seconds. Perfect for affiliate sites, documentation, and content marketing at scale.","static site generator, ssg rust, website generator, content automation",ssg-rust.com
10,PDF Generation Service,Automated PDF Creation API,"Generate invoices, reports, and documents programmatically. Our Rust-based API handles complex layouts and processes thousands of PDFs per minute.","pdf generation api, automated pdf, invoice generator, document automation",pdf-api-rust.com
11,Email Automation Service,Bulk Email & Newsletter Platform,"Send millions of emails reliably. SMTP integration, bounce handling, analytics, and deliverability optimization built-in.","email automation, bulk email service, newsletter platform, smtp service",email-automation-rust.com
12,Proxy & VPN Service,High-Speed Proxy Server in Rust,"Deploy your own proxy infrastructure. Residential proxies, datacenter proxies, and VPN servers that handle 100k+ concurrent connections.","proxy server rust, vpn service, residential proxy, datacenter proxy",proxy-rust.dev
13,Image Processing API,Automated Image Optimization,"Resize, compress, and convert images at scale. Our API processes 10k+ images per minute with superior quality and minimal CPU usage.","image processing api, image optimization, resize images, webp converter",image-api-rust.com
14,Video Processing Service,Automated Video Transcoding,"Convert videos to any format, extract thumbnails, and generate previews. Handle 4K video processing faster than FFmpeg alone.","video transcoding, video processing, thumbnail generator, video converter",video-processing-rust.com
15,Database Migration Tool,Automated Database Migrations,"Migrate millions of records between databases safely. PostgreSQL, MySQL, MongoDB - we handle schema conversion and data validation.","database migration, data migration tool, postgres migration, mysql migration",db-migration-rust.com
16,Monitoring & Alerting System,Real-Time Application Monitoring,"Monitor your servers, APIs, and databases. Get instant alerts via Telegram, Discord, or email when issues occur.","application monitoring, server monitoring, uptime monitoring, alerting system",monitor-rust.dev
17,Log Aggregation Service,Centralized Log Management,"Collect, parse, and analyze logs from all your services. Search millions of log entries in milliseconds.","log aggregation, log management, centralized logging, log analysis",logs-rust.com
18,Webhook Relay Service,Reliable Webhook Delivery,"Never miss a webhook again. Our service queues, retries, and delivers webhooks with guaranteed delivery and full audit logs.","webhook relay, webhook delivery, webhook queue, reliable webhooks",webhook-relay-rust.com
19,URL Shortener Service,Custom URL Shortener with Analytics,"Create branded short links with click tracking, geo-analytics, and API access. Handle millions of redirects per day.","url shortener, link shortener, branded links, click tracking",short-link-rust.com
20,QR Code Generator API,Bulk QR Code Generation,"Generate thousands of QR codes instantly. Custom colors, logos, and formats. Perfect for marketing campaigns and product labeling.","qr code generator, bulk qr codes, qr code api, custom qr codes",qr-rust.com
21,RSS Feed Aggregator,Multi-Source RSS Reader,"Aggregate and filter RSS feeds from thousands of sources. Get real-time updates and custom notifications for keywords.","rss aggregator, feed reader, rss parser, content aggregation",rss-aggregator-rust.com
22,GitHub Actions Alternative,Self-Hosted CI/CD Platform,"Run your own CI/CD pipelines. Faster builds, unlimited minutes, and complete control over your infrastructure.","ci cd platform, github actions alternative, self hosted ci, build automation",ci-rust.dev
23,API Rate Limiter,Advanced Rate Limiting Service,"Protect your APIs from abuse. Distributed rate limiting with Redis, custom rules, and real-time analytics.","rate limiting, api throttling, ddos protection, api security",rate-limiter-rust.com
24,Cache Service,High-Performance Caching Layer,"Speed up your applications with distributed caching. Redis-compatible API with 10x better performance.","caching service, redis alternative, distributed cache, memory cache",cache-rust.dev
25,Search Engine,Custom Search for Your Data,"Build fast, relevant search for your application. Full-text search with typo tolerance and faceted filtering.","search engine rust, full text search, elasticsearch alternative, search api",search-rust.com
26,GraphQL Server,High-Performance GraphQL APIs,"Build GraphQL APIs that handle millions of queries per second. Schema generation, subscriptions, and federation support.","graphql server rust, graphql api, graphql development, api gateway",graphql-rust.dev
27,WebSocket Server,Real-Time Communication Platform,"Build chat apps, live dashboards, and multiplayer games. Handle 100k+ concurrent WebSocket connections per server.","websocket server, real time communication, chat server, live updates",websocket-rust.com
28,File Upload Service,Secure File Storage & CDN,"Accept file uploads, store them securely, and serve via CDN. Image optimization and virus scanning included.","file upload service, file storage, cdn service, image hosting",upload-rust.com
29,Authentication Service,OAuth & JWT Authentication,"Add secure authentication to any app. Social login, 2FA, and session management built-in.","authentication service, oauth provider, jwt auth, user management",auth-rust.dev
30,Payment Gateway Integration,Accept Payments Worldwide,"Integrate Stripe, PayPal, and crypto payments. Subscription billing, invoicing, and fraud detection included.","payment integration, stripe integration, payment gateway, subscription billing",payments-rust.com
31,Inventory Management System,Real-Time Stock Tracking,"Track inventory across multiple warehouses. Low stock alerts, barcode scanning, and API access.","inventory management, stock tracking, warehouse management, inventory system",inventory-rust.com
32,Booking System,Appointment & Reservation Platform,"Build booking systems for any business. Calendar sync, payment processing, and automated reminders.","booking system, appointment scheduling, reservation platform, calendar booking",booking-rust.com
33,CRM Integration,Connect Your CRM to Everything,"Sync data between your CRM and other tools. Salesforce, HubSpot, Pipedrive - we integrate them all.","crm integration, salesforce integration, hubspot sync, crm connector",crm-integration-rust.com
34,Analytics Dashboard,Custom Analytics & Reporting,"Build real-time dashboards for your data. Charts, metrics, and custom reports that update live.","analytics dashboard, custom analytics, reporting tool, data visualization",analytics-rust.com
35,Notification Service,Multi-Channel Notifications,"Send notifications via email, SMS, push, Telegram, and Discord. Template management and delivery tracking.","notification service, push notifications, sms service, multi channel messaging",notify-rust.com
36,Backup Automation,Automated Database Backups,"Schedule automatic backups for all your databases. Encryption, compression, and cloud storage included.","database backup, automated backup, backup service, disaster recovery",backup-rust.com
37,API Documentation Generator,Auto-Generate API Docs,"Create beautiful API documentation from your code. Interactive examples and automatic updates.","api documentation, docs generator, api reference, documentation tool",docs-rust.dev
38,Code Generator,Automate Boilerplate Code,"Generate CRUD APIs, database models, and admin panels from schemas. Save weeks of development time.","code generator, crud generator, boilerplate automation, code scaffolding",codegen-rust.com
39,Testing Automation,Automated API Testing,"Test your APIs automatically. Load testing, integration testing, and continuous monitoring.","api testing, automated testing, load testing, integration testing",test-rust.dev
40,Data Validation Service,Validate Any Data Format,"Validate emails, phone numbers, addresses, and custom data. Bulk validation API with 99.9% accuracy.","data validation, email validation, phone validation, address verification",validate-rust.com
41,Geocoding Service,Address to Coordinates API,"Convert addresses to GPS coordinates and vice versa. Batch processing and global coverage.","geocoding api, address lookup, gps coordinates, location service",geocode-rust.com
42,Currency Conversion API,Real-Time Exchange Rates,"Get live exchange rates for 150+ currencies. Historical data and crypto support included.","currency api, exchange rates, forex api, currency converter",currency-rust.com
43,Weather Data API,Accurate Weather Forecasts,"Access weather data for any location. Current conditions, forecasts, and historical data.","weather api, weather data, forecast api, weather service",weather-rust.com
44,SMS Gateway,Send SMS Worldwide,"Send SMS to any country. Delivery reports, two-way messaging, and bulk sending.","sms gateway, sms api, bulk sms, text messaging service",sms-rust.com
45,Voice Call API,Automated Phone Calls,"Make automated phone calls for reminders, alerts, and verification. Text-to-speech included.","voice api, automated calls, phone api, ivr service",voice-rust.com
46,Barcode Scanner API,Scan Any Barcode or QR Code,"Decode barcodes from images. Supports all major formats including QR, UPC, and EAN.","barcode scanner, qr scanner, barcode api, image recognition",barcode-rust.com
47,OCR Service,Extract Text from Images,"Convert images and PDFs to text. Multi-language support and handwriting recognition.","ocr service, text extraction, image to text, pdf ocr",ocr-rust.com
48,Translation API,Automated Translation Service,"Translate text between 100+ languages. Neural machine translation with context awareness.","translation api, language translation, automated translation, multilingual",translate-rust.com
49,Sentiment Analysis,Analyze Customer Feedback,"Understand customer sentiment from reviews, support tickets, and social media. Real-time analysis.","sentiment analysis, text analysis, customer feedback, nlp service",sentiment-rust.com
50,Spam Filter,Advanced Spam Detection,"Filter spam from emails, comments, and forms. Machine learning-based with 99% accuracy.","spam filter, spam detection, email filter, comment moderation",spam-filter-rust.com
